{"cameraMode":{"drawMode":0,"name":"Shaded","section":"Shading Mode"},"sceneLighting":true,"audioPlay":false,"sceneViewState":{"m_AlwaysRefresh":false,"showFog":true,"showSkybox":true,"showFlares":true,"showImageEffects":true,"showParticleSystems":true,"showVisualEffectGraphs":true,"m_FxEnabled":true},"in2DMode":false,"pivot":{"x":-1.0278151035308838,"y":0.4729728698730469,"z":5.355623245239258},"rotation":{"x":0.08823364973068237,"y":-0.05823816359043121,"z":0.005167425610125065,"w":0.9943854212760925},"size":7.836213111877441,"orthographic":false}